<?xml version="1.0" encoding="UTF-8"?>
<beans xmlns="http://www.springframework.org/schema/beans"
	xmlns:xsi="http://www.w3.org/2001/XMLSchema-instance" xmlns:tx="http://www.springframework.org/schema/tx"
	xsi:schemaLocation="
http://www.springframework.org/schema/beans
http://www.springframework.org/schema/beans/spring-beans-3.0.xsd
http://www.springframework.org/schema/tx
http://www.springframework.org/schema/tx/spring-tx-3.0.xsd
">
	
	<bean id="dbEntityItc" class="com.tianee.webframe.interceptor.TeeDbEntityInterceptor"></bean>
	<!-- 
	<bean id="dataSource" class="org.springframework.jdbc.datasource.DriverManagerDataSource">
		<property name="driverClassName" value="${db_driver}"/>	
		<property name="url" value="${db_url}"/>
		<property name="username" value="${db_username}"/>
		<property name="password" value="${db_password}"/>
	</bean>
	-->
	<bean id="dataSource" class="com.mchange.v2.c3p0.ComboPooledDataSource">
		<property name="driverClass" value="${db_driver}"/>	
		<property name="jdbcUrl" value="${db_url}"/>
		<property name="user" value="${db_username}"/>
		<property name="password" value="${db_password}"/>
		<property name="acquireIncrement" value="1"></property>  
	    <property name="initialPoolSize" value="10"></property>  
	    <property name="maxIdleTime" value="1800"></property>  
	    <property name="maxPoolSize" value="10"></property>  
	    <property name="minPoolSize" value="10"></property>
	    <property name="preferredTestQuery" value="select * from sys_tmp"/> 
		<property name="idleConnectionTestPeriod" value="1800" />
<!-- 		<property name="testConnectionOnCheckin" value="true" /> -->
<!-- 		<property name="testConnectionOnCheckout" value="true" /> -->
	</bean>
	 
	<bean id="sessionFactory" class="org.springframework.orm.hibernate4.LocalSessionFactoryBean">
		<property name="dataSource" ref="dataSource"/>
		<property name ="packagesToScan" >
			<list>
				<value>com.tianee.**.bean</value>
				<value>com.beidasoft.**.bean</value>
			</list>
		</property>
		<property name="entityInterceptor">   
            <ref bean="dbEntityItc"/>
        </property>
		
		<property name="hibernateProperties">
			<props>
				<prop key="hibernate.dialect">${db_dialect}</prop> 
				<prop key="hibernate.hbm2ddl.auto">false</prop> 
                <prop key="hibernate.show_sql">false</prop>
                <prop key="hiberante.format_sql">false</prop>
<!--                 <prop key="hiberante.connection.pool_size">150</prop> -->
				<prop key="hibernate.jdbc.batch_size">100</prop>
				<prop key="hibernate.jdbc.fetch_size">50</prop> 
				<prop key="hibernate.cache.use_query_cache">true</prop>
				<prop key="hibernate.cache.use_second_level_cache">true</prop>
                <prop key="hibernate.cache.region.factory_class">org.hibernate.cache.redis.RedisRegionFactory</prop>
                <prop key="hibernate.generate_statistics">false</prop>
                <prop key="hibernate.cache.cache_provider_config">hibernate-redis.properties</prop>
			</props>
		</property>
	</bean>
	
	<bean id="transactionManager" class="org.springframework.orm.hibernate4.HibernateTransactionManager">
		<property name="sessionFactory" ref="sessionFactory"></property>
	</bean>
	<tx:annotation-driven transaction-manager="transactionManager" proxy-target-class="true"/>
	
</beans>
