<?xml version="1.0" encoding="UTF-8"?>
<beans xmlns="http://www.springframework.org/schema/beans"  
 xmlns:context="http://www.springframework.org/schema/context"  
 xmlns:p="http://www.springframework.org/schema/p"  
 xmlns:mvc="http://www.springframework.org/schema/mvc"  
 xmlns:xsi="http://www.w3.org/2001/XMLSchema-instance"  
 xmlns:tx = "http://www.springframework.org/schema/tx" 
 xmlns:aop = "http://www.springframework.org/schema/aop" 
 xsi:schemaLocation="http://www.springframework.org/schema/beans  
      http://www.springframework.org/schema/beans/spring-beans-3.0.xsd  
      http://www.springframework.org/schema/context  
      http://www.springframework.org/schema/context/spring-context.xsd  
      http://www.springframework.org/schema/tx  
      http://www.springframework.org/schema/tx/spring-tx-3.0.xsd  
      http://www.springframework.org/schema/aop  
	  http://www.springframework.org/schema/aop/spring-aop-3.0.xsd
      http://www.springframework.org/schema/mvc  
      http://www.springframework.org/schema/mvc/spring-mvc-3.0.xsd">
     <!-- 注解扫描包 -->
	<context:component-scan base-package="com.**.controller">
		<context:include-filter type="regex" expression=".*Controller$"/>
	</context:component-scan>

	<!-- 避免IE执行AJAX时,返回JSON出现下载文件 -->
	<bean id="mappingJacksonHttpMessageConverter"
		class="org.springframework.http.converter.json.MappingJacksonHttpMessageConverter">
		<property name="supportedMediaTypes">
			<list>
				<value>text/html;charset=UTF-8</value>
				<value>application/json;charset=UTF-8</value>
			</list>
		</property>
	</bean>

	<!-- 启动Spring MVC的注解功能，完成请求和注解POJO的映射 -->
	<bean
		class="org.springframework.web.servlet.mvc.annotation.AnnotationMethodHandlerAdapter">
		<property name="messageConverters">
			<list>
				<ref bean="mappingJacksonHttpMessageConverter" /><!-- json转换器 -->
			</list>
		</property>
	</bean>

	<!-- 对模型视图名称的解析，即在模型视图名称添加前后缀 -->
	<bean
		class="org.springframework.web.servlet.view.InternalResourceViewResolver"
		p:prefix="/" p:suffix="" />

		
	<!-- mvc通用方法前、后拦截器 -->
	<mvc:interceptors>
		<bean class="com.tianee.webframe.interceptor.TeeRequestInterceptor"></bean>
	</mvc:interceptors>
	
	<!-- mvc异常拦截器 -->
	<bean id="exceptionResolver" class="com.tianee.webframe.interceptor.TeeRequestExceptionInterceptor"></bean>
	
	<bean id="multipartResolver"
		class="org.springframework.web.multipart.commons.CommonsMultipartResolver">
		<property name="defaultEncoding">
			<value>UTF-8</value>
		</property>
		<property name="maxUploadSize">
			<value>5368709120</value><!-- 上传文件大小限制为5G -->
		</property>
		<property name="maxInMemorySize">
			<value>4096</value>
		</property>
	</bean>
	 </beans>  